{
	"credit": "Made with Blockbench",
	"texture_size": [64, 64],
	"textures": {
		"1": "thrtg (2)",
		"particle": "ThRTG"
	},
	"elements": [
		{
			"from": [0, 0, 0],
			"to": [16, 16, 16],
			"faces": {
				"north": {"uv": [0, 0, 4, 4], "texture": "#1"},
				"east": {"uv": [0, 4, 4, 8], "texture": "#1"},
				"south": {"uv": [4, 0, 8, 4], "texture": "#1"},
				"west": {"uv": [4, 4, 8, 8], "texture": "#1"},
				"up": {"uv": [4, 12, 0, 8], "texture": "#1"},
				"down": {"uv": [12, 0, 8, 4], "texture": "#1"}
			}
		}
	],
	"display": {
        "gui": {
            "rotation": [ 30, 225, 0 ],
            "translation": [ 0, 0, 0],
            "scale":[ 0.625, 0.625, 0.625 ]
        },
        "ground": {
            "rotation": [ 0, 0, 0 ],
            "translation": [ 0, 3, 0],
            "scale":[ 0.25, 0.25, 0.25 ]
        },
        "fixed": {
            "rotation": [ 0, 0, 0 ],
            "translation": [ 0, 0, 0],
            "scale":[ 0.5, 0.5, 0.5 ]
        },
        "thirdperson_righthand": {
            "rotation": [ 75, 45, 0 ],
            "translation": [ 0, 2.5, 0],
            "scale": [ 0.375, 0.375, 0.375 ]
        },
        "firstperson_righthand": {
            "rotation": [ 0, 45, 0 ],
            "translation": [ 0, 0, 0 ],
            "scale": [ 0.40, 0.40, 0.40 ]
        },
        "firstperson_lefthand": {
            "rotation": [ 0, 225, 0 ],
            "translation": [ 0, 0, 0 ],
            "scale": [ 0.40, 0.40, 0.40 ]
        }
	}
}